dataset_name,id,image_path,question,answers,type
textVQA,3900,textVQA/train_images/b5c2c50202792f10.jpg,what famous road is shown on the sign?,['route 66'],Scene Text-centric VQA
STVQA,2537,STVQA/vizwiz/VizWiz_train_000000000296.jpg,What does the label say this is designed for?,['Microsoft Windows XP'],Scene Text-centric VQA
ChartQA,334,ChartQA/test/png/two_col_42876.png,Which region had the second largest number of COVID-19 cases?,['Vitebsk Oblast'],Doc-oriented VQA
docVQA,1691,docVQA/val/documents/myjf0004_2.png,What is the Title of the document ?,['HEALTH EXAMINATION AND CLINICAL OBSERVATION'],Doc-oriented VQA
FUNSD,145,FUNSD/testing_data/images/82504862.png,what is the value for 'DATE SERVED'? Answer this question using the text in the image directly.,"['August 3, 1998']",Key Information Extraction
HME100k,2685,HME100K/test/test_images/test_3263.jpg,Please write out the expression of the formula in the image using LaTeX format.,['x > \\frac { 3 } { 2 }\n'],Handwritten Mathematical Expression Recognition
svtp,100,svtp/image/101.jpg,what is written in the image?,['ALLEN'],Irregular Text Recognition
IIIT5K,1186,IIIT5K/test/2579_4.png,what is written in the image?,['WONDERS'],Regular Text Recognition
NonSemanticText,1823,NonSemanticText/images/0/1823.jpg,what is written in the image?,['fitnuf'],Non-Semantic Text Recognition
ORAND,83,ORAND/CAR-A/a_test_images/a_car_007083.png,what is the number in the image?,['6262'],Digit String Recognition
IAM,65566,IAM/m03/m03-006/m03-006-03-01.png,what is written in the image?,['seem'],Handwriting Recognition
WordArt,1117,WordArt/test_image/1653.png,what is written in the image?,"[""Playin'""]",Artistic Text Recognition
